Workbook

Sheet April
A1: Date | B1: Time ET | C1: Symbol | D1: Strategy | E1: Signal | F1: Price | G1: Change % | H1: Session | I1: Result | J1: P&L | K1: Notes

Sheet Summary
A1: Swing Signal Log — 2026
A3: Month | B3: Total Signals | C3: Swing Low | D3: Flip Short | E3: Win | F3: Loss | G3: BE | H3: Win Rate
A4: January | B4: 0 | C4: 0 | D4: 0 | E4: 0 | F4: 0 | G4: 0 | H4: =IFERROR(IF(E4+F4+G4=0,"-",E4/(E4+F4+G4)),"-")
A5: February | B5: 0 | C5: 0 | D5: 0 | E5: 0 | F5: 0 | G5: 0 | H5: =IFERROR(IF(E5+F5+G5=0,"-",E5/(E5+F5+G5)),"-")
A6: March | B6: 0 | C6: 0 | D6: 0 | E6: 0 | F6: 0 | G6: 0 | H6: =IFERROR(IF(E6+F6+G6=0,"-",E6/(E6+F6+G6)),"-")
A7: April | B7: =IFERROR(COUNTA(April!E:E)-1,0) | C7: =IFERROR(COUNTIF(April!E:E,"Swing Low"),0) | D7: =IFERROR(COUNTIF(April!E:E,"Flip Short"),0) | E7: =IFERROR(COUNTIF(April!I:I,"Win"),0) | F7: =IFERROR(COUNTIF(April!I:I,"Loss"),0) | G7: =IFERROR(COUNTIF(April!I:I,"BE"),0) | H7: =IFERROR(IF(E7+F7+G7=0,"-",E7/(E7+F7+G7)),"-")
A8: May | B8: 0 | C8: 0 | D8: 0 | E8: 0 | F8: 0 | G8: 0 | H8: =IFERROR(IF(E8+F8+G8=0,"-",E8/(E8+F8+G8)),"-")
A9: June | B9: 0 | C9: 0 | D9: 0 | E9: 0 | F9: 0 | G9: 0 | H9: =IFERROR(IF(E9+F9+G9=0,"-",E9/(E9+F9+G9)),"-")
A10: July | B10: 0 | C10: 0 | D10: 0 | E10: 0 | F10: 0 | G10: 0 | H10: =IFERROR(IF(E10+F10+G10=0,"-",E10/(E10+F10+G10)),"-")
A11: August | B11: 0 | C11: 0 | D11: 0 | E11: 0 | F11: 0 | G11: 0 | H11: =IFERROR(IF(E11+F11+G11=0,"-",E11/(E11+F11+G11)),"-")
A12: September | B12: 0 | C12: 0 | D12: 0 | E12: 0 | F12: 0 | G12: 0 | H12: =IFERROR(IF(E12+F12+G12=0,"-",E12/(E12+F12+G12)),"-")
A13: October | B13: 0 | C13: 0 | D13: 0 | E13: 0 | F13: 0 | G13: 0 | H13: =IFERROR(IF(E13+F13+G13=0,"-",E13/(E13+F13+G13)),"-")
A14: November | B14: 0 | C14: 0 | D14: 0 | E14: 0 | F14: 0 | G14: 0 | H14: =IFERROR(IF(E14+F14+G14=0,"-",E14/(E14+F14+G14)),"-")
A15: December | B15: 0 | C15: 0 | D15: 0 | E15: 0 | F15: 0 | G15: 0 | H15: =IFERROR(IF(E15+F15+G15=0,"-",E15/(E15+F15+G15)),"-")
A16: Total | B16: =SUM(B4:B15) | C16: =SUM(C4:C15) | D16: =SUM(D4:D15) | E16: =SUM(E4:E15) | F16: =SUM(F4:F15) | G16: =SUM(G4:G15) | H16: =IFERROR(IF(E16+F16+G16=0,"-",E16/(E16+F16+G16)),"-")
